tweet,sentiment
"Absolutely love the new iPhone! The camera quality is insane.",positive
"The battery life on the iPhone is still disappointing. Not worth it!",negative
"The design of the new iPhone is quite sleek and modern.",neutral
"Face ID works so fast, I'm impressed!",positive
"My iPhone keeps freezing, and apps crash frequently. Super annoying.",negative
"The latest update has some good and bad aspects. Performance is fine, but battery drains faster.",neutral
"The dynamic island feature on the iPhone is a game-changer!",positive
"iPhones are so overpriced. You can get better specs on Android.",negative
"I think iOS 17 is decent but nothing revolutionary.",neutral
"Love the ecosystem! My Mac, iPad, and iPhone sync so well.",positive
"This is my third iPhone, and I feel it's just the same as the last one.",neutral
"Apple should really include a fast charger in the box.",negative
"Best smartphone experience hands down! Smooth and fluid UI.",positive
"Why did they remove the fingerprint sensor? It was so useful.",negative
"iPhones are reliable, but I wish they were a bit more customizable.",neutral
"The new A17 chip is blazing fast. Apps open instantly!",positive
"My iPhone randomly shuts down sometimes. Not cool.",negative
"The new titanium frame feels premium but is too light for my taste.",neutral
"Portrait mode is unreal! Feels like a DSLR in my pocket.",positive
"The overheating issue on the new iPhone is a serious problem.",negative
"iOS gestures are super smooth and intuitive.",positive
"Not much innovation in this model. Looks just like last year's iPhone.",neutral
"Why does Apple still use a lightning port? USB-C is better.",negative
"The speakers are loud and clear! Great for music lovers.",positive
"Every update makes my old iPhone slower. Planned obsolescence?",negative
"The iPhone Pro feels so premium in hand!",positive
"I switched from Android, and I miss the customization.",neutral
"The camera software post-processing is too aggressive. Colors feel unnatural.",negative
"Battery life has improved a lot over the previous model!",positive
"I don't see why people upgrade every year. The differences are minimal.",neutral
